{"left_K": [[700.092125535995, 0.0, 338.4001576310687], [0.0, 692.42750076487, 253.63277794116402], [0.0, 0.0, 1.0]], "left_D": [[-0.0027984194644611977, 1.040163198554045, 0.003071363797323974, 0.0027142165979047515, -3.038362160379363]], "right_K": [[737.7169564815963, 0.0, 340.0030132898702], [0.0, 729.667023048531, 245.79422338296385], [0.0, 0.0, 1.0]], "right_D": [[0.016249216463953272, 1.283181913245062, 0.0030641178059414315, 0.002658863807997577, -4.48993122627744]], "R": [[0.9997367466609091, -0.017124615392430143, -0.015270393692455862], [0.016399419305803308, 0.9987876867438529, -0.04641353095052772], [0.01604669505828838, 0.046150886844398706, 0.9988055862985458]], "T": [[-7.471104763020561], [-0.46258836792635527], [2.329326251861299]], "E": [[-0.04562261238191418, -2.34785124219198, -0.3539235899569295], [2.448599588828381, 0.3049092943341945, 7.426611444222514], [0.33994481030751555, -7.469969091564038, 0.3396964456573038]], "F": [[-1.4654559900921825e-07, -7.625074519364221e-06, 0.0011876620313944258], [7.951983127679549e-06, 1.0011732220485813e-06, 0.013940214821486557], [-0.0010991787063581151, -0.015550610438847891, 1.0]], "error": 0.463121252806831}